{
  "sr": 16000,
  "n_samples": 293700,
  "duration_sec": 18.35625,
  "n_frames": 574,
  "mfcc_mean": [
    -330.0679016113281,
    67.5214614868164,
    19.549489974975586,
    21.637643814086914,
    2.071812629699707,
    1.2474086284637451,
    -0.0195364598184824,
    -4.927335262298584,
    -4.027017116546631,
    2.345062494277954,
    -1.514087200164795,
    3.5866596698760986,
    0.08841164410114288
  ],
  "mfcc_std": [
    114.14651489257812,
    61.832122802734375,
    34.316463470458984,
    30.02734375,
    28.456846237182617,
    19.060314178466797,
    13.486420631408691,
    15.62209701538086,
    12.604649543762207,
    12.092329025268555,
    12.096878051757812,
    9.524357795715332,
    9.188006401062012
  ],
  "rolloff_mean": 3386.3784843205576,
  "rolloff_std": 1953.7402779548302,
  "rms_mean": 0.03608628362417221,
  "rms_std": 0.042815182358026505
}