{
  "total_frames": 584,
  "avg_fg_ratio": 0.0021847353025114154,
  "max_fg_ratio": 0.01609375,
  "min_fg_ratio": 0.0,
  "motion_history_sample": [
    0.0,
    1.8236863425925927,
    1.4599305555555555,
    1.2259895833333334,
    0.15122106481481482,
    1.4838020833333334,
    1.2461631944444445,
    1.5311979166666667,
    1.2100925925925925,
    1.0622280092592593,
    1.1373842592592593,
    0.7518692129629629,
    1.943292824074074,
    0.7119965277777778,
    0.7385127314814814,
    1.0928703703703704,
    0.1401851851851852,
    1.1569097222222222,
    1.0277141203703704,
    1.404392361111111,
    0.9902835648148148,
    0.9788425925925925,
    1.1122627314814815,
    0.7726215277777778,
    1.8139467592592593,
    0.8188715277777778,
    0.8598611111111111,
    1.1422685185185186,
    0.14752314814814815,
    1.1613078703703703,
    0.9667129629629629,
    1.4457638888888888,
    1.0654398148148148,
    1.031423611111111,
    1.265005787037037,
    0.8090625,
    1.7245949074074074,
    0.7680671296296296,
    0.8163888888888889,
    1.1269791666666666,
    0.1493287037037037,
    1.1539699074074075,
    0.9920081018518518,
    1.4203703703703703,
    1.0474884259259258,
    1.0004976851851852,
    1.2883738425925926,
    0.8122685185185186,
    1.6903935185185186,
    0.810943287037037
  ]
}