{
  "latency_results": {
    "1": 0.0008096754550933838,
    "2": 0.0010351717472076416,
    "4": 0.0014715731143951417,
    "8": 0.005549514293670654,
    "16": 0.011122953891754151,
    "32": 0.024473118782043456
  },
  "best_batch": 1
}