{
  "log_power_mean": -7.816964149475098,
  "log_power_std": 2.3491692543029785,
  "shape": [
    129,
    126
  ]
}