{
  "log_power_mean": -8.903487205505371,
  "log_power_std": 1.2686539888381958,
  "shape": [
    129,
    126
  ]
}